,Episode_Length_minutes,Number_of_Ads,Listening_Time_minutes,Episode_Sentiment
211159,64.83,53.37,50.44892,1
283606,109.93,103.91,103.89696,0
436577,115.25,103.0,103.12686,0
495919,64.83,53.42,50.44892,0
537705,112.27,103.75,103.12686,0
567235,16.13,12.0,6.49,1
602553,112.27,103.25,103.12686,0
672139,115.74,103.25,103.12686,0
683147,109.93,103.88,103.89696,0
